{"cameraMode":{"drawMode":0,"name":"Shaded","section":"Shading Mode"},"sceneLighting":false,"audioPlay":false,"sceneViewState":{"showFog":true,"showMaterialUpdate":false,"showSkybox":true,"showFlares":true,"showImageEffects":true,"showParticleSystems":true},"in2DMode":false,"pivot":{"x":1078.0517578125,"y":382.56915283203127,"z":728.4078369140625},"rotation":{"x":0.004498958121985197,"y":-0.010212421417236328,"z":0.00004873879879596643,"w":0.9999450445175171},"size":2410.04052734375,"orthographic":false}